,Sim Name,Full Name,Role,pp_runs,pp_avg,pp_sr,mid_runs,mid_avg,mid_sr,death_runs,death_avg,death_sr,Unnamed: 12,pp_wkts,pp_balls,pp_bowl_avg,pp_eco,pp_bowl_sr,mid_wkts,mid_balls,mid_bowl_avg,mid_eco,mid_bowl_sr,death_wkts,death_balls,death_bowl_avg,death_eco,death_bowl_sr,Unnamed: 28,SR_0_10_Balls,SR_10_20_Balls,SR_20_30_Balls,SR_30_40_Balls,SRdeath_0_10_Balls,SRdeath_10_20_Balls,SRdeath_20_30_Balls,SRdeath_30_40_Balls
0,AJ Finch,Aaron Finch,BAT,911,24.9,114.52,978,31.85,137.59,203,7.61,129.12,,0.0,6.0,373.44,17.25,129.87,1.0,37.0,283.79,17.71,96.15,0.0,1.0,168.64,17.91,56.5,,1.18,1.26,1.53,1.31,1.7,0.0,0.0,0.0
1,AM Rahane,Ajinkya Rahane,BAT,2049,33.55,115.07,1672,34.22,122.49,353,19.47,149.74,,0.0,0.0,373.44,17.25,129.87,1.0,6.0,342.41,17.87,114.94,0.0,0.0,168.64,17.91,56.5,,1.02,1.3,1.13,1.43,0.96,0.5,0.0,0.0
2,AD Hales,Alex Hales,BAT,599,60.96,154.85,419,22.95,124.6,25,1.88,66.69,,,,373.44,17.25,129.87,,,342.41,17.87,114.94,,,168.64,17.91,56.5,,1.4,1.64,1.08,1.48,0.0,0.0,0.0,0.0
3,AT Rayudu,Ambati Rayudu,BAT,777,34.6,106.21,2602,34.89,124.92,811,21.73,169.5,,,,373.44,17.25,129.87,,,342.41,17.87,114.94,,,168.64,17.91,56.5,,1.1,1.33,1.45,1.53,1.63,0.0,0.0,0.0
4,BJ Hodge,Brad Hodge,BAT,149,8.06,74.86,823,47.03,116.64,521,31.8,169.48,,0.0,37.0,406.28,17.06,142.86,17.0,195.0,29.08,12.65,13.79,0.0,6.0,168.64,17.91,56.5,,0.92,1.48,1.54,1.95,0.92,0.0,0.0,0.0
5,CA Lynn,Chris Lynn,BAT,957,40.87,149.19,639,28.76,140.34,51,2.34,75.7,,,,373.44,17.25,129.87,,,342.41,17.87,114.94,,,168.64,17.91,56.5,,1.32,1.73,1.36,1.4,0.0,0.0,0.0,0.0
6,CA Ingram,Colin Ingram,BAT,103,6.04,70.8,732,34.05,138.23,189,8.22,143.42,,0.0,0.0,373.44,17.25,129.87,0.0,6.0,342.41,17.87,114.94,0.0,0.0,168.64,17.91,56.5,,1.18,1.42,1.59,2.18,1.93,0.0,0.0,0.0
7,C Munro,Colin Munro,BAT,547,28.91,145.41,361,30.88,138.67,62,2.68,79.12,,0.0,0.0,373.44,17.25,129.87,2.0,49.0,186.48,17.34,64.52,0.0,6.0,168.64,17.91,56.5,,1.32,1.51,1.54,1.58,0.8,0.0,0.0,0.0
8,DA Miller,David Miller,BAT,109,6.39,68.74,1667,47.64,128.14,795,31.47,180.95,,,,373.44,17.25,129.87,,,342.41,17.87,114.94,,,168.64,17.91,56.5,,1.07,1.49,1.76,2.18,1.68,0.86,0.0,0.0
9,DA Warner,David Warner,BAT,2894,47.12,137.11,2590,44.76,139.2,399,29.06,188.28,,0.0,0.0,373.44,17.25,129.87,0.0,2.0,342.41,17.87,114.94,0.0,0.0,168.64,17.91,56.5,,1.19,1.51,1.44,1.54,0.0,0.0,0.0,0.0
10,D Padikkal,Devdutt Padikkal,BAT,631,34.88,123.46,599,34.55,126.8,30,1.88,66.69,,,,373.44,17.25,129.87,,,342.41,17.87,114.94,,,168.64,17.91,56.5,,1.14,1.37,1.25,1.34,0.0,0.0,0.0,0.0
11,EJG Morgan,Eoin Morgan,BAT,227,13.43,83.39,926,24.85,113.55,417,20.97,168.84,,,,373.44,17.25,129.87,,,342.41,17.87,114.94,,,168.64,17.91,56.5,,0.96,1.38,1.47,1.55,1.04,0.0,0.0,0.0
12,E Lewis,Evin Lewis,BAT,420,33.74,147.1,210,11.86,104.47,24,1.88,66.69,,,,373.44,17.25,129.87,,,342.41,17.87,114.94,,,168.64,17.91,56.5,,1.24,1.62,1.35,1.37,0.33,0.0,0.0,0.0
13,F du Plessis,Faf du Plessis,BAT,1531,43.52,127.5,1613,36.67,122.83,366,20.83,194.51,,0.0,0.0,373.44,17.25,129.87,0.0,6.0,342.41,17.87,114.94,0.0,0.0,168.64,17.91,56.5,,1.08,1.46,1.27,1.29,0.0,0.0,0.0,0.0
14,G Gambhir,Gautham Gambhir,BAT,2277,37.68,122.08,1768,36.44,125.36,172,5.31,108.81,,,,373.44,17.25,129.87,,,342.41,17.87,114.94,,,168.64,17.91,56.5,,1.14,1.29,1.2,1.42,0.5,0.0,0.0,0.0
15,GC Smith,Graeme Smith,BAT,374,26.53,95.51,329,21.8,122.29,36,1.88,66.69,,,,373.44,17.25,129.87,,,342.41,17.87,114.94,,,168.64,17.91,56.5,,0.82,1.28,1.11,1.51,0.0,0.0,0.0,0.0
16,JM Vince,James Vince,BAT,398,34.0,133.96,312,17.41,123.81,24,1.88,66.69,,,,373.44,17.25,129.87,,,342.41,17.87,114.94,,,168.64,17.91,56.5,,1.18,1.48,1.29,1.48,0.0,0.0,0.0,0.0
17,JJ Roy,Jason Roy,BAT,717,39.06,140.23,301,20.9,122.7,73,3.23,86.38,,,,373.44,17.25,129.87,,,342.41,17.87,114.94,,,168.64,17.91,56.5,,1.3,1.54,1.21,1.49,2.0,0.0,0.0,0.0
18,KS Williamson,Kane Williamson,BAT,467,36.62,99.24,1299,44.05,129.96,339,19.16,158.49,,0.0,6.0,373.44,17.25,129.87,0.0,12.0,342.41,17.87,114.94,0.0,0.0,168.64,17.91,56.5,,0.99,1.26,1.46,1.7,2.0,0.0,0.0,0.0
19,KK Nair,Karun Nair,BAT,504,28.39,121.79,781,25.57,120.42,211,8.62,150.49,,,,373.44,17.25,129.87,,,342.41,17.87,114.94,,,168.64,17.91,56.5,,1.2,1.25,1.25,1.67,0.67,0.0,0.0,0.0
20,KP Pietersen,Kevin Pietersen,BAT,549,46.19,126.57,892,27.52,133.45,171,9.23,148.92,,1.0,20.0,373.44,17.25,129.87,5.0,142.0,90.51,14.44,37.59,1.0,18.0,168.64,17.91,56.5,,1.17,1.55,1.29,1.61,0.0,0.0,0.0,0.0
21,LMP Simmons,Lendl Simmons,BAT,650,48.41,113.77,600,40.56,138.3,32,1.88,66.69,,0.0,0.0,373.44,17.25,129.87,1.0,12.0,342.41,17.87,114.94,0.0,6.0,168.64,17.91,56.5,,0.84,1.42,1.48,1.4,0.0,0.0,0.0,0.0
22,DPMD Jayawardene,Mahela Jayawardene,BAT,621,28.09,122.2,884,31.46,111.69,313,21.69,165.68,,,,373.44,17.25,129.87,,,342.41,17.87,114.94,,,168.64,17.91,56.5,,1.17,1.2,1.2,1.32,0.67,0.0,0.0,0.0
23,M Vohra,Manan Vohra,BAT,681,29.7,128.29,356,17.44,128.17,36,1.88,66.69,,,,373.44,17.25,129.87,,,342.41,17.87,114.94,,,168.64,17.91,56.5,,1.15,1.52,1.32,1.07,2.22,0.0,0.0,0.0
24,MK Tiwary,Manoj Tiwary,BAT,224,11.75,83.67,970,45.49,108.71,501,20.54,151.96,,0.0,0.0,373.44,17.25,129.87,0.0,32.0,349.53,17.83,117.65,1.0,13.0,168.64,17.91,56.5,,1.04,1.29,1.24,1.14,1.68,1.57,0.0,0.0
25,ML Hayden,Mathew Hayden,BAT,599,44.77,129.83,442,38.17,142.77,66,3.11,90.06,,,,373.44,17.25,129.87,,,342.41,17.87,114.94,,,168.64,17.91,56.5,,1.2,1.46,1.31,1.51,0.0,0.0,0.0,0.0
26,MA Agarwal,Mayank Agarwal,BAT,1184,25.06,121.8,964,23.9,141.25,187,8.75,165.21,,,,373.44,17.25,129.87,,,342.41,17.87,114.94,,,168.64,17.91,56.5,,1.2,1.39,1.54,1.54,1.89,0.0,0.0,0.0
27,MEK Hussey,Mike Hussey,BAT,828,45.02,108.05,985,41.67,130.02,164,7.54,135.05,,,,373.44,17.25,129.87,,,342.41,17.87,114.94,,,168.64,17.91,56.5,,0.91,1.21,1.34,1.36,0.0,0.0,0.0,0.0
28,M Vijay,Murali Vijay,BAT,1574,33.81,114.61,971,24.16,132.66,74,3.16,89.78,,0.0,7.0,373.44,17.25,129.87,0.0,30.0,342.41,17.87,114.94,0.0,0.0,168.64,17.91,56.5,,1.02,1.34,1.17,1.64,2.33,0.0,0.0,0.0
29,N Rana,Nitish Rana,BAT,543,40.13,117.17,1390,29.62,135.38,248,10.03,154.93,,0.0,19.0,373.44,17.25,129.87,6.0,106.0,76.45,16.06,28.57,1.0,6.0,168.64,17.91,56.5,,1.16,1.33,1.65,1.62,2.0,0.0,0.0,0.0
30,PR Stirling,Paul Stirling,BAT,225,24.7,160.57,32,3.96,68.98,0,1.88,66.7,,,,373.44,17.25,129.87,,,342.41,17.87,114.94,,,168.64,17.91,56.5,,2.01,1.62,1.42,0.0,0.0,0.0,0.0,0.0
31,PP Shaw,Prithiv Shaw,BAT,1129,30.55,147.57,441,22.62,147.25,18,1.88,66.69,,,,373.44,17.25,129.87,,,342.41,17.87,114.94,,,168.64,17.91,56.5,,1.38,1.57,1.6,1.46,0.0,0.0,0.0,0.0
32,RA Tripathi,Rahul Tripathi,BAT,779,34.99,142.07,870,28.82,136.33,149,5.7,118.98,,0.0,0.0,373.44,17.25,129.87,0.0,6.0,342.41,17.87,114.94,0.0,0.0,168.64,17.91,56.5,,1.33,1.57,1.38,1.36,1.09,6.0,0.0,0.0
33,RR Rossouw,Rilee Rossouw,BAT,168,10.27,88.62,997,34.33,134.9,307,16.92,163.12,,0.0,0.0,373.44,17.25,129.87,2.0,16.0,342.41,17.87,114.94,0.0,0.0,168.64,17.91,56.5,,1.22,1.4,1.62,1.91,1.77,0.0,0.0,0.0
34,LRPL Taylor,Ross Taylor,BAT,155,12.49,97.3,638,27.14,112.08,224,9.09,134.31,,0.0,0.0,373.44,17.25,129.87,0.0,13.0,342.41,17.87,114.94,0.0,0.0,168.64,17.91,56.5,,1.15,1.35,1.34,1.3,1.0,0.0,0.0,0.0
35,RD Gaikwad,Ruturaj Gaikwad,BAT,522,35.78,110.91,578,48.62,146.36,107,4.71,108.7,,,,373.44,17.25,129.87,,,342.41,17.87,114.94,,,168.64,17.91,56.5,,0.88,1.38,1.25,1.86,0.0,0.0,0.0,0.0
36,SR Tendulkar,Sachin Tendulkar,BAT,1143,48.17,116.56,1059,29.94,119.47,132,5.64,114.48,,0.0,0.0,373.44,17.25,129.87,0.0,37.0,373.21,17.69,126.58,0.0,0.0,168.64,17.91,56.5,,1.05,1.28,1.18,1.21,0.0,0.0,0.0,0.0
37,SS Tiwary,Saurabh Tiwary,BAT,169,12.47,85.78,943,31.55,113.91,382,23.36,148.54,,,,373.44,17.25,129.87,,,342.41,17.87,114.94,,,168.64,17.91,56.5,,0.96,1.34,1.59,1.33,1.27,0.67,0.0,0.0
38,SE Marsh,Shaun Marsh,BAT,779,39.86,106.04,1540,46.13,149.46,170,6.75,119.73,,,,373.44,17.25,129.87,,,342.41,17.87,114.94,,,168.64,17.91,56.5,,1.06,1.26,1.52,1.63,0.0,0.0,0.0,0.0
39,S Dhawan,Shikhar Dhawan,BAT,3157,39.08,121.93,2650,34.59,126.94,437,40.49,163.16,,1.0,18.0,373.44,17.25,129.87,3.0,31.0,297.35,17.84,100.0,0.0,0.0,168.64,17.91,56.5,,1.12,1.33,1.22,1.43,1.2,0.0,0.0,0.0
40,SO Hetmyer,Shimron Hetmyer,BAT,53,4.33,60.77,354,25.3,119.93,431,36.26,200.5,,,,373.44,17.25,129.87,,,342.41,17.87,114.94,,,168.64,17.91,56.5,,1.35,1.6,1.96,2.82,1.81,1.33,0.0,0.0
41,SS Iyer,Shreyas Iyer,BAT,862,35.89,110.89,1638,31.28,128.23,280,15.34,153.43,,0.0,0.0,373.44,17.25,129.87,0.0,0.0,342.41,17.87,114.94,0.0,6.0,168.64,17.91,56.5,,1.05,1.24,1.44,1.53,0.0,0.0,0.0,0.0
42,SC Ganguly,Sourav Ganguly,BAT,529,28.84,101.51,706,29.72,104.01,114,4.53,110.83,,0.0,19.0,373.44,17.25,129.87,10.0,255.0,44.71,9.93,27.03,0.0,6.0,168.64,17.91,56.5,,0.91,1.11,1.04,1.05,0.0,0.0,0.0,0.0
43,SPD Smith,Steve Smith,BAT,510,44.31,122.74,1431,39.61,118.82,554,27.01,171.24,,0.0,0.0,373.44,17.25,129.87,0.0,0.0,342.41,17.87,114.94,0.0,2.0,168.64,17.91,56.5,,1.22,1.25,1.36,1.28,1.85,0.5,0.0,0.0
44,SA Yadav,Suryakumar Yadav,BAT,727,53.72,140.75,1498,29.21,126.47,419,22.68,180.97,,0.0,6.0,373.44,17.25,129.87,0.0,0.0,342.41,17.87,114.94,0.0,0.0,168.64,17.91,56.5,,1.29,1.41,1.51,1.42,1.73,0.0,0.0,0.0
45,TH David,Tim David,BAT,11,3.56,55.04,348,39.34,166.39,286,16.94,192.42,,0.0,0.0,373.44,17.25,129.87,1.0,26.0,342.41,17.87,114.94,0.0,0.0,168.64,17.91,56.5,,1.68,2.17,2.56,2.33,0.33,0.0,0.0,0.0
46,V Kohli,Virat Kohli,BAT,2135,38.56,116.85,3508,41.73,124.78,991,27.21,202.42,,0.0,0.0,373.44,17.25,129.87,3.0,250.0,153.64,10.79,85.47,1.0,14.0,168.64,17.91,56.5,,1.11,1.26,1.27,1.6,1.69,0.0,0.0,0.0
47,V Sehwag,Virender Sehwag,BAT,1593,28.9,144.49,1102,33.63,173.89,33,1.88,66.69,,0.0,14.0,373.44,17.25,129.87,5.0,114.0,89.89,15.7,34.36,1.0,10.0,168.64,17.91,56.5,,1.41,1.6,1.6,1.89,0.0,0.0,0.0,0.0
48,S Badrinath,S Badrinath,BAT,182,10.02,69.16,930,38.19,120.69,329,15.84,151.73,,,,373.44,17.25,129.87,,,342.41,17.87,114.94,,,168.64,17.91,56.5,,0.9,1.3,1.35,1.57,1.44,0.0,0.0,0.0
49,MK Pandey,MK Pandey,BAT,1096,37.56,113.44,2053,32.06,119.28,508,21.21,156.3,,,,373.44,17.25,129.87,,,342.41,17.87,114.94,,,168.64,17.91,56.5,,1.05,1.28,1.19,1.5,1.24,0.0,0.0,0.0
50,Shubman Gill,Shubman Gill,BAT,882,41.31,121.05,868,35.2,128.85,150,5.07,100.76,,,,373.44,17.25,129.87,,,342.41,17.87,114.94,,,168.64,17.91,56.5,,1.12,1.33,1.3,1.38,1.69,0.0,0.0,0.0
51,Sharjeel Khan,Sharjeel Khan,BAT,615,22.68,124.72,436,41.37,171.28,35,1.88,66.69,,,,373.44,17.25,129.87,,,342.41,17.87,114.94,,,168.64,17.91,56.5,,1.22,1.29,1.78,1.78,0.0,0.0,0.0,0.0
52,Babar Azam,Babar Azam,BAT,1015,58.44,113.37,1187,48.14,122.76,211,8.04,132.43,,,,373.44,17.25,129.87,,,342.41,17.87,114.94,,,168.64,17.91,56.5,,1.01,1.26,1.15,1.37,0.0,0.0,0.0,0.0
53,Ahmed Shehzad,Ahmed Shehzad,BAT,530,26.74,110.44,481,32.55,125.98,66,2.99,90.14,,,,373.44,17.25,129.87,,,342.41,17.87,114.94,,,168.64,17.91,56.5,,1.02,1.19,1.35,1.39,0.0,0.0,0.0,0.0
54,Shan Masood,Shan Masood,BAT,518,59.78,124.94,520,26.76,143.46,44,2.07,71.85,,,,373.44,17.25,129.87,,,342.41,17.87,114.94,,,168.64,17.91,56.5,,1.06,1.45,1.67,1.54,0.0,0.0,0.0,0.0
55,Fakhar Zaman,Fakhar Zaman,BAT,1061,39.03,133.08,846,28.69,145.46,37,1.88,66.69,,1.0,36.0,306.0,17.07,107.53,1.0,24.0,342.41,17.87,114.94,0.0,0.0,168.64,17.91,56.5,,1.3,1.32,1.39,1.64,0.0,0.0,0.0,0.0
56,Mandeep Singh,Mandeep Singh,BAT,629,21.44,114.69,737,26.72,118.38,326,13.2,150.82,,0.0,0.0,373.44,17.25,129.87,0.0,12.0,342.41,17.87,114.94,0.0,0.0,168.64,17.91,56.5,,1.16,1.35,1.18,1.36,1.31,0.0,0.0,0.0
57,Tilak Varma,Tilak Varma,BAT,19,3.56,55.04,315,31.64,127.84,63,2.68,79.96,,0.0,6.0,373.44,17.25,129.87,0.0,6.0,342.41,17.87,114.94,0.0,0.0,168.64,17.91,56.5,,1.08,1.6,1.17,1.93,0.0,0.0,0.0,0.0
58,Sohaib Maqsood,Sohaib Maqsood,BAT,244,21.03,110.61,589,27.39,120.53,137,6.19,123.77,,0.0,0.0,373.44,17.25,129.87,0.0,6.0,342.41,17.87,114.94,0.0,0.0,168.64,17.91,56.5,,1.14,1.32,1.51,1.4,1.3,0.0,0.0,0.0
59,CS Delport,Cameron Delport,BAT,276,14.97,97.76,513,30.76,136.9,84,3.41,92.16,,0.0,0.0,373.44,17.25,129.87,9.0,187.0,56.17,13.48,25.0,1.0,13.0,168.64,17.91,56.5,,1.08,1.14,1.44,1.69,0.0,0.0,0.0,0.0
60,JA Morkel,Albie Morkel,FAST,18,3.56,55.04,386,26.75,118.76,571,25.03,163.21,,34.0,947.0,38.71,8.34,27.86,22.0,553.0,29.11,6.95,25.13,29.0,307.0,16.51,9.36,10.58,,1.35,1.58,1.75,1.04,1.68,0.0,0.0,0.0
61,AD Russell,Andre Russell,FAST,66,6.55,88.18,1250,36.41,156.94,907,24.07,203.38,,22.0,468.0,28.05,7.91,21.28,41.0,853.0,29.67,8.56,20.79,47.0,504.0,19.03,10.65,10.72,,1.49,2.05,2.26,2.06,1.79,3.08,0.0,0.0
62,A Nortje,Anrich Nortje,FAST,0,3.55,55.01,1,3.96,68.98,7,1.88,66.69,,15.0,313.0,25.44,7.31,20.88,13.0,186.0,40.11,13.77,17.48,15.0,207.0,32.73,12.51,15.7,,0.67,0.0,0.0,0.0,1.17,0.0,0.0,0.0
63,A Nehra,Ashish Nehra,FAST,0,3.55,55.01,5,3.96,68.98,36,1.88,66.69,,40.0,1131.0,34.94,7.42,28.25,20.0,409.0,26.24,7.7,20.45,46.0,434.0,13.83,8.8,9.43,,0.64,0.83,0.0,0.0,0.41,0.0,0.0,0.0
64,AB Dinda,Ashok Dinda,FAST,0,3.55,55.01,8,3.96,68.98,18,1.88,66.69,,33.0,855.0,30.77,7.13,25.91,12.0,324.0,29.25,6.49,27.03,24.0,410.0,31.6,11.09,17.09,,0.54,0.0,0.0,0.0,0.5,0.0,0.0,0.0
65,BCJ Cutting,Ben Cutting,FAST,0,3.55,55.01,191,12.72,104.19,439,23.01,195.84,,0.0,50.0,466.09,16.78,166.67,16.0,337.0,32.23,9.19,21.05,4.0,78.0,90.88,17.23,31.65,,1.46,2.13,2.26,0.0,1.66,4.0,0.0,0.0
66,BA Stokes,Ben Stokes,FAST,239,16.6,113.23,559,30.28,133.23,122,4.31,100.61,,8.0,185.0,62.78,13.45,28.01,9.0,358.0,49.94,7.52,39.84,11.0,174.0,46.46,14.61,19.08,,1.18,1.53,1.39,0.94,1.56,0.0,0.0,0.0
67,B Kumar,Bhuvneshwar Bhuvi Kumar,FAST,0,3.55,55.01,9,3.96,68.98,232,5.62,93.21,,55.0,1806.0,32.22,5.9,32.79,22.0,530.0,31.68,7.89,24.1,77.0,1048.0,20.77,9.16,13.61,,0.95,1.12,1.25,0.0,1.06,1.0,0.0,0.0
68,B Lee,Brett Lee,FAST,0,3.55,55.01,20,3.96,68.98,104,3.82,93.05,,11.0,506.0,52.33,6.81,46.08,6.0,131.0,74.93,14.61,30.77,8.0,279.0,57.16,9.74,35.21,,1.32,0.0,0.0,0.0,1.27,0.0,0.0,0.0
69,CJ Jordan,Chris Jordon,FAST,6,3.56,55.04,55,4.45,71.54,111,3.59,87.86,,9.0,304.0,46.15,8.2,33.78,26.0,469.0,21.99,7.31,18.05,26.0,410.0,27.87,10.6,15.77,,0.9,2.1,1.67,0.0,1.14,0.0,0.0,0.0
70,CH Morris,Chris Morris,FAST,17,3.56,55.04,144,7.45,92.74,457,28.19,173.62,,22.0,717.0,40.54,7.47,32.57,19.0,475.0,33.23,7.98,25.0,55.0,609.0,15.73,8.52,11.07,,1.39,2.27,1.3,2.0,1.68,2.0,0.0,0.0
71,DW Steyn,Dale Steyn,FAST,0,3.55,55.01,9,3.96,68.98,158,4.24,92.45,,36.0,1277.0,37.49,6.34,35.46,23.0,559.0,25.83,6.37,24.33,44.0,584.0,19.52,8.82,13.28,,1.02,1.17,0.0,0.0,1.23,0.33,0.0,0.0
72,DT Christian,Daniel Christian,FAST,3,3.56,55.04,262,14.44,95.15,347,13.18,141.86,,8.0,196.0,61.99,12.91,28.82,28.0,657.0,28.44,7.27,23.47,11.0,211.0,52.0,14.6,21.37,,1.19,1.33,1.19,0.67,1.49,0.0,0.0,0.0
73,DJG Sammy,Daren Sammy,FAST,8,3.56,55.04,410,28.29,105.24,550,23.32,179.33,,1.0,25.0,373.44,17.25,129.87,16.0,330.0,30.57,8.89,20.62,2.0,49.0,129.08,17.5,44.25,,1.25,1.56,1.64,1.94,1.73,2.6,0.0,0.0
74,DL Chahar,Deepak Chahar,FAST,0,3.55,55.01,63,5.44,87.52,16,1.88,66.69,,43.0,1064.0,31.77,7.7,24.75,4.0,195.0,116.35,12.78,54.64,12.0,126.0,38.51,15.25,15.15,,1.09,2.8,0.0,0.0,0.84,0.0,0.0,0.0
75,DS Kulkarni,Dhawal Kulkarni,FAST,0,3.55,55.01,7,3.96,68.98,97,3.31,80.16,,44.0,1044.0,29.46,7.44,23.75,24.0,550.0,32.8,8.58,22.94,18.0,282.0,30.14,11.32,15.97,,0.87,1.53,0.0,0.0,1.06,0.0,0.0,0.0
76,DP Nannes,Dirk Nannes,FAST,0,3.55,55.01,3,3.96,68.98,1,1.88,66.69,,15.0,368.0,24.82,6.08,24.51,1.0,128.0,312.38,15.18,123.46,12.0,193.0,41.01,13.21,18.62,,0.33,0.0,0.0,0.0,0.5,0.0,0.0,0.0
77,DE Bollinger,Doug Bollinger,FAST,0,3.55,55.01,0,3.95,68.96,21,1.88,66.69,,11.0,339.0,35.45,6.89,30.86,6.0,45.0,94.4,17.33,32.68,21.0,216.0,23.06,11.89,11.64,,0.79,1.5,0.0,0.0,0.79,1.5,0.0,0.0
78,DJ Bravo,Dwayne Bravo,FAST,123,8.2,82.21,679,22.63,95.49,892,25.57,175.91,,11.0,361.0,43.09,7.88,32.79,75.0,1997.0,33.74,7.61,26.6,108.0,1253.0,18.68,9.66,11.6,,1.18,1.29,1.78,1.68,1.73,1.4,0.0,0.0
79,HH Pandya,Hardik Pandya,FAST,93,6.22,67.0,881,34.77,126.9,998,31.74,186.34,,7.0,227.0,69.98,11.76,35.71,27.0,716.0,36.11,8.17,26.53,16.0,160.0,33.43,15.55,12.9,,1.4,1.64,1.49,1.55,1.89,2.5,0.0,0.0
80,HV Patel,Harshal Patel,FAST,0,3.55,55.01,68,5.22,74.74,162,5.07,114.23,,10.0,298.0,43.48,8.74,29.85,46.0,923.0,25.14,7.51,20.08,41.0,444.0,17.46,9.67,10.83,,1.18,2.09,0.0,0.0,1.29,0.0,0.0,0.0
81,IK Pathan,Irfan Pathan,FAST,92,7.02,80.39,495,22.13,94.93,563,26.01,157.38,,28.0,958.0,39.98,7.0,34.25,26.0,748.0,37.74,7.88,28.74,26.0,407.0,24.1,9.24,15.65,,1.14,1.27,1.43,2.22,1.68,0.5,0.0,0.0
82,I Sharma,Ishant Sharma,FAST,0,3.55,55.01,13,3.96,68.98,42,1.92,67.14,,44.0,1315.0,34.62,6.96,29.85,14.0,471.0,50.43,8.99,33.67,14.0,304.0,38.58,10.67,21.69,,0.95,0.4,0.0,0.0,1.15,0.0,0.0,0.0
83,JH Kallis,Jacques Kallis,FAST,1036,32.81,105.65,1088,29.17,100.07,303,16.11,175.94,,18.0,535.0,35.75,7.21,29.76,25.0,949.0,47.5,7.5,38.02,22.0,315.0,23.16,9.7,14.33,,1.0,1.09,1.09,1.09,1.67,0.0,0.0,0.0
84,JP Faulkner,James Faulkner,FAST,14,3.56,55.04,192,12.81,94.7,460,21.84,169.68,,26.0,521.0,25.49,7.63,20.04,20.0,601.0,42.22,8.43,30.03,34.0,430.0,20.75,9.85,12.64,,1.35,1.52,2.04,0.67,1.54,2.33,0.0,0.0
85,JJ Bumrah,Jasprit Bumrah,FAST,0,3.55,55.01,6,3.96,68.98,50,2.06,68.03,,31.0,960.0,33.83,6.56,30.96,47.0,825.0,19.41,6.64,17.54,70.0,1072.0,21.57,8.45,15.31,,0.85,1.0,0.0,0.0,0.88,1.0,0.0,0.0
86,JD Unadkat,Jaydev Unadkat,FAST,0,3.55,55.01,47,4.38,71.68,117,3.94,92.32,,23.0,716.0,38.72,7.46,31.15,26.0,732.0,38.76,8.26,28.17,43.0,494.0,21.96,11.46,11.49,,1.23,1.27,0.0,0.0,1.35,0.0,0.0,0.0
87,JC Archer,Jofra Archer,FAST,0,3.55,55.01,24,3.96,68.98,176,6.84,127.64,,18.0,379.0,19.56,5.58,21.05,11.0,207.0,43.11,11.87,21.79,22.0,321.0,21.76,8.94,14.6,,1.51,2.67,0.0,0.0,1.73,1.0,0.0,0.0
88,JR Hazlewood,Josh Hazlewood,FAST,0,3.55,55.01,3,3.96,68.98,15,1.88,66.69,,12.0,321.0,32.46,7.28,26.74,8.0,100.0,57.31,15.82,21.74,12.0,144.0,41.03,15.36,16.03,,0.68,1.0,0.0,0.0,1.0,0.0,0.0,0.0
89,K Rabada,Kagiso Rabada,FAST,1,3.56,55.04,60,4.58,69.67,125,4.35,97.51,,25.0,604.0,31.44,7.81,24.15,28.0,442.0,19.69,7.48,15.8,49.0,452.0,14.27,9.28,9.23,,1.04,1.33,0.7,0.56,1.51,0.0,0.0,0.0
90,KK Ahmed,Khaheel Ahmed,FAST,0,3.55,55.01,0,3.95,68.96,1,1.88,66.69,,16.0,396.0,33.07,8.02,24.75,15.0,204.0,33.73,12.67,15.97,18.0,209.0,29.74,13.45,13.26,,0.14,0.0,0.0,0.0,0.14,0.0,0.0,0.0
91,L Balaji,Lakshmipathy Balaji,FAST,0,3.55,55.01,4,3.96,68.98,32,1.88,66.69,,15.0,471.0,36.04,6.88,31.45,32.0,664.0,25.16,7.28,20.75,29.0,439.0,25.76,10.21,15.13,,0.73,0.0,0.0,0.0,0.58,0.0,0.0,0.0
92,SL Malinga,Lasith Malinga,FAST,0,3.55,55.01,8,3.96,68.98,80,2.59,72.73,,37.0,1164.0,32.3,6.16,31.45,43.0,845.0,24.49,7.48,19.65,90.0,965.0,13.8,7.73,10.72,,0.78,1.57,0.0,0.0,0.73,1.62,0.0,0.0
93,LH Ferguson,Lockie Ferguson,FAST,0,3.55,55.01,3,3.96,68.98,64,2.83,82.69,,15.0,221.0,33.08,11.89,16.69,13.0,365.0,33.88,7.24,28.09,10.0,219.0,53.55,13.46,23.87,,1.63,1.0,0.0,0.0,1.2,0.0,0.0,0.0
94,MS Gony,Manpreet Gony,FAST,0,3.55,55.01,20,3.96,68.98,79,3.21,90.86,,18.0,505.0,40.94,8.74,28.09,15.0,339.0,29.6,7.85,22.62,4.0,81.0,89.9,16.94,31.85,,1.21,2.88,0.0,0.0,1.36,0.0,0.0,0.0
95,MP Stoinis,Marcus Stoinis,FAST,102,7.07,76.67,471,28.5,119.7,497,27.87,170.84,,6.0,110.0,75.81,15.51,29.33,16.0,440.0,39.59,8.65,27.47,12.0,125.0,41.75,16.58,15.11,,1.15,1.79,1.3,2.29,1.35,4.12,0.0,0.0
96,MG Johnson,Mitch Johnson,FAST,0,3.55,55.01,18,3.96,68.98,149,4.48,88.15,,26.0,657.0,32.94,7.83,25.25,9.0,369.0,54.71,8.01,40.98,27.0,275.0,18.55,10.59,10.5,,1.0,1.27,0.0,0.0,1.09,2.0,0.0,0.0
97,MJ McClenaghan,Mitch McClenaghan,FAST,0,3.55,55.01,30,3.96,68.98,59,2.34,74.33,,31.0,721.0,30.52,7.88,23.26,16.0,394.0,34.56,8.42,24.63,26.0,335.0,21.12,9.83,12.89,,1.25,0.0,0.0,0.0,1.2,0.0,0.0,0.0
98,MA Starc,Mitchell Starc,FAST,0,3.55,55.01,41,4.01,69.3,55,2.2,70.09,,9.0,312.0,38.69,6.69,34.72,9.0,102.0,51.04,15.62,19.61,16.0,198.0,30.67,12.77,14.41,,0.96,0.96,1.67,0.0,1.03,0.0,0.0,0.0
99,MM Sharma,Mohit Sharma,FAST,0,3.55,55.01,49,4.33,72.01,73,2.5,74.74,,35.0,812.0,30.7,7.94,23.2,16.0,485.0,37.37,7.4,30.3,41.0,498.0,20.74,10.24,12.15,,1.09,0.38,0.0,0.0,1.05,0.0,0.0,0.0
100,MC Henriques,Moises Henriques,FAST,161,12.28,90.64,549,23.26,113.99,290,16.33,156.64,,9.0,210.0,54.71,12.28,26.74,30.0,720.0,31.87,7.97,23.98,3.0,49.0,107.8,17.46,37.04,,1.12,1.43,1.48,1.13,1.46,0.0,0.0,0.0
101,M Morkel,Morne Morkel,FAST,0,3.55,55.01,10,3.96,68.98,116,4.39,101.97,,36.0,958.0,30.84,6.96,26.6,16.0,395.0,31.26,7.6,24.69,25.0,346.0,21.34,9.26,13.83,,1.4,0.0,0.0,0.0,1.53,0.0,0.0,0.0
102,MM Patel,Munaf Patel,FAST,0,3.55,55.01,0,3.95,68.96,39,1.88,66.69,,29.0,670.0,26.5,6.88,23.09,27.0,459.0,18.13,6.4,17.01,18.0,253.0,31.54,12.7,14.9,,0.95,0.0,0.0,0.0,1.05,0.0,0.0,0.0
103,P Awana,Parvinder Awana,FAST,0,3.55,55.01,0,3.95,68.96,5,1.88,66.69,,13.0,276.0,33.56,9.2,21.88,13.0,333.0,30.78,7.2,25.64,13.0,165.0,40.11,15.14,15.9,,0.36,0.0,0.0,0.0,0.36,0.0,0.0,0.0
104,PJ Cummins,Pat Cummins,FAST,0,3.55,55.01,186,12.81,123.02,193,6.88,122.19,,16.0,449.0,36.56,7.81,28.09,16.0,321.0,26.25,7.84,20.08,13.0,225.0,42.25,13.39,18.94,,1.44,1.98,1.15,1.9,1.18,2.0,0.0,0.0
105,PJ Sangwan,Pradeep Sangwan,FAST,0,3.55,55.01,4,3.96,68.98,22,1.88,66.69,,13.0,379.0,41.33,8.51,29.15,22.0,430.0,26.14,8.03,19.53,3.0,96.0,113.17,16.64,40.82,,0.59,0.0,0.0,0.0,0.63,0.0,0.0,0.0
106,P Kumar,Pravin Kumar,FAST,6,3.56,55.04,63,4.91,74.67,271,6.71,102.76,,40.0,1642.0,44.79,6.56,40.98,18.0,479.0,38.35,8.65,26.6,32.0,516.0,27.32,10.16,16.13,,1.08,1.19,0.8,0.0,1.23,1.33,0.0,0.0
107,R Dhawan,Rishi Dhawan,FAST,0,3.55,55.01,59,4.67,69.68,131,4.75,99.59,,4.0,105.0,104.56,15.18,41.32,16.0,447.0,34.83,7.48,27.93,4.0,80.0,89.0,16.82,31.75,,1.02,1.24,1.25,0.0,1.64,0.0,0.0,0.0
108,RJ Harris,Ryan Harris,FAST,0,3.55,55.01,31,3.96,68.98,86,2.93,81.35,,14.0,449.0,34.12,6.39,32.05,7.0,159.0,68.24,14.04,29.15,24.0,257.0,21.12,11.19,11.33,,1.07,1.1,0.4,0.0,1.26,0.0,0.0,0.0
109,SR Watson,Shane Watson,FAST,2128,37.51,116.67,2691,31.81,153.96,422,21.92,189.83,,36.0,961.0,32.14,7.23,26.67,34.0,982.0,34.16,7.09,28.9,45.0,661.0,25.34,10.36,14.68,,1.04,1.51,1.73,1.67,0.83,0.0,0.0,0.0
110,SN Thakur,Shardul Thakur,FAST,0,3.55,55.01,62,4.77,74.44,111,4.02,101.0,,21.0,542.0,37.02,8.6,25.84,29.0,634.0,29.04,7.96,21.88,32.0,474.0,27.04,10.95,14.81,,1.31,1.2,0.0,0.0,1.55,6.0,0.0,0.0
111,SW Tait,Shaun Tait,FAST,0,3.55,55.01,13,3.96,68.98,10,1.88,66.69,,10.0,366.0,42.08,6.89,36.63,9.0,190.0,55.42,13.2,25.19,14.0,178.0,34.12,13.29,15.41,,0.92,0.5,0.0,0.0,0.5,0.0,0.0,0.0
112,S Kaul,Siddarth Kaul,FAST,0,3.55,55.01,2,3.96,68.98,18,1.88,66.69,,12.0,354.0,43.93,8.94,29.5,21.0,526.0,33.56,8.04,25.06,25.0,358.0,21.49,9.0,14.33,,0.56,0.0,0.0,0.0,0.67,0.0,0.0,0.0
113,SK Trivedi,Siddharth Trivedi,FAST,0,3.55,55.01,2,3.96,68.98,40,1.88,66.69,,6.0,136.0,78.38,14.86,31.65,43.0,1201.0,32.21,6.92,27.93,16.0,220.0,32.98,12.92,15.31,,0.71,0.0,0.0,0.0,0.82,0.0,0.0,0.0
114,S Aravind,Sreenath Aravind,FAST,0,3.55,55.01,13,3.96,68.98,46,2.05,68.93,,20.0,442.0,27.58,7.48,22.12,12.0,222.0,42.81,12.38,20.75,13.0,124.0,36.61,15.68,14.01,,1.1,0.5,0.0,0.0,1.15,0.0,0.0,0.0
115,STR Binny,Stuart Binny,FAST,18,3.56,55.04,526,20.12,117.89,336,15.71,150.86,,6.0,160.0,77.11,13.6,34.01,14.0,409.0,36.49,7.49,29.24,3.0,42.0,115.14,17.62,39.22,,1.14,1.67,1.46,1.0,1.63,2.29,0.0,0.0
116,TG Southee,Tim Southee,FAST,0,3.55,55.01,16,3.96,68.98,104,3.65,89.07,,17.0,638.0,48.76,7.78,37.59,11.0,244.0,42.41,10.64,23.92,17.0,344.0,35.37,10.48,20.24,,1.01,1.78,0.67,0.0,1.27,0.0,0.0,0.0
117,TA Boult,Trent Boult,FAST,0,3.55,55.01,2,3.96,68.98,51,2.18,71.45,,40.0,1083.0,32.13,7.11,27.1,13.0,276.0,35.33,9.69,21.88,39.0,501.0,23.15,10.8,12.85,,1.1,0.0,0.0,0.0,1.16,0.0,0.0,0.0
118,UT Yadav,Umesh Yadav,FAST,0,3.55,55.01,19,3.96,68.98,158,4.75,93.43,,53.0,1324.0,31.2,7.49,25.0,39.0,986.0,33.19,7.89,25.25,43.0,635.0,25.92,10.53,14.77,,1.06,1.0,0.0,0.0,1.21,1.0,0.0,0.0
119,VR Aaron,Varun Aaron,FAST,0,3.55,55.01,1,3.96,68.98,49,2.04,67.16,,14.0,407.0,40.66,8.39,29.07,18.0,480.0,36.21,8.15,26.67,12.0,178.0,44.55,15.0,17.83,,0.56,2.17,0.0,0.0,0.59,6.0,0.0,0.0
120,Z Khan,Zaheer Khan,FAST,0,3.55,55.01,16,3.96,68.98,101,3.14,79.5,,53.0,1346.0,28.25,6.68,25.38,15.0,383.0,37.03,8.71,25.51,35.0,547.0,22.83,8.77,15.62,,0.78,1.21,0.0,0.0,1.1,0.0,0.0,0.0
121,Sandeep Sharma,Sandeep Sharma,FAST,0,3.55,55.01,12,3.96,68.98,40,1.88,66.69,,54.0,1414.0,29.91,6.85,26.18,28.0,582.0,27.69,7.99,20.79,32.0,403.0,22.16,10.56,12.59,,0.81,0.0,0.0,0.0,0.8,0.0,0.0,0.0
122,Hasan Ali,Hasan Ali,FAST,0,3.55,55.01,57,5.09,78.92,134,4.15,107.53,,37.0,703.0,21.2,6.69,19.01,14.0,416.0,39.84,8.06,29.67,30.0,347.0,18.52,9.61,11.56,,1.4,2.62,0.0,0.0,1.26,1.0,0.0,0.0
123,RP Singh,RP Singh,FAST,0,3.55,55.01,2,3.96,68.98,50,2.0,67.48,,35.0,1060.0,35.88,7.1,30.3,12.0,314.0,36.01,8.25,26.18,43.0,500.0,17.66,9.11,11.63,,0.68,0.0,0.0,0.0,0.76,0.0,0.0,0.0
124,Shaheen Shah Afridi,Shaheen Shah Afridi,FAST,0,3.55,55.01,20,3.96,68.98,68,2.4,75.14,,33.0,607.0,22.03,7.19,18.38,8.0,180.0,59.93,13.12,27.4,29.0,427.0,19.71,8.03,14.73,,0.82,2.08,0.0,0.0,0.8,0.0,0.0,0.0
125,R Vinay Kumar,R Vinay Kumar,FAST,0,3.55,55.01,71,5.53,74.09,239,6.37,107.89,,30.0,770.0,30.44,7.12,25.64,31.0,818.0,35.39,8.05,26.39,44.0,598.0,23.47,10.36,13.59,,1.14,1.11,0.83,0.0,1.33,0.33,0.0,0.0
126,Mohammed Shami,Mohammed Shami,FAST,0,3.55,55.01,16,3.96,68.98,53,2.13,69.51,,29.0,1121.0,46.93,7.29,38.61,20.0,496.0,34.48,8.34,24.81,50.0,501.0,17.88,10.71,10.02,,0.96,0.5,0.0,0.0,1.07,0.5,0.0,0.0
127,S Sreesanth,S Sreesanth,FAST,0,3.55,55.01,0,3.95,68.96,34,1.88,66.69,,28.0,624.0,27.23,7.34,22.27,7.0,212.0,68.52,12.05,34.13,6.0,111.0,70.82,16.32,26.04,,0.53,1.75,0.0,0.0,0.54,1.75,0.0,0.0
128,Sohail Tanvir,Sohail Tanvir,FAST,27,3.56,55.04,99,5.82,75.64,208,7.28,102.7,,23.0,834.0,39.01,6.46,36.23,9.0,264.0,50.76,9.96,30.58,46.0,496.0,16.97,9.44,10.79,,1.03,1.27,1.28,0.0,1.18,4.33,0.0,0.0
129,Mohammed Siraj,Mohammed Siraj,FAST,0,3.55,55.01,9,3.96,68.98,87,2.84,73.68,,21.0,616.0,41.41,8.47,29.33,15.0,402.0,32.88,7.36,26.81,24.0,384.0,27.68,10.38,16.0,,0.77,2.0,0.0,0.0,0.74,1.71,0.0,0.0
130,Avesh Khan,Avesh Khan,FAST,0,3.55,55.01,12,3.96,68.98,19,1.88,66.69,,16.0,358.0,30.21,8.1,22.37,15.0,225.0,31.72,11.32,16.81,17.0,285.0,29.29,10.32,17.04,,1.63,0.0,0.0,0.0,1.27,0.0,0.0,0.0
131,Mohammad Amir,Mohammad Amir,FAST,0,3.55,55.01,0,3.95,68.96,61,2.33,72.97,,16.0,713.0,45.93,6.17,44.64,11.0,225.0,46.06,12.13,22.78,26.0,420.0,23.95,8.9,16.16,,1.05,0.0,0.0,0.0,1.07,0.0,0.0,0.0
132,Sohail Khan,Sohail Khan,FAST,0,3.55,55.01,48,4.33,70.06,89,2.68,78.5,,16.0,450.0,39.48,8.43,28.09,10.0,233.0,50.2,11.78,25.58,13.0,228.0,41.02,12.87,19.12,,1.05,0.56,0.5,1.4,1.0,0.0,0.0,0.0
133,NM Coulter-Nile,Nathan Coulter-Nile,FAST,0,3.55,55.01,14,3.96,68.98,68,2.54,78.84,,15.0,379.0,29.69,7.05,25.25,15.0,278.0,26.83,8.45,19.05,18.0,235.0,28.81,12.17,14.2,,1.1,2.0,0.0,0.0,1.32,2.5,0.0,0.0
134,M Prasidh Krishna,M Prasidh Krishna,FAST,0,3.55,55.01,0,3.95,68.96,9,1.88,66.69,,15.0,558.0,47.11,7.6,37.17,15.0,330.0,30.73,8.39,21.98,20.0,343.0,31.08,10.87,17.15,,0.38,0.0,0.0,0.0,0.38,0.0,0.0,0.0
135,Faheem Ashraf,Faheem Ashraf,FAST,23,3.56,55.04,174,10.98,103.74,291,13.83,148.09,,15.0,396.0,32.48,7.39,26.39,19.0,370.0,25.24,7.78,19.46,31.0,265.0,16.08,10.77,8.96,,1.33,1.77,2.05,0.0,1.38,2.86,0.0,0.0
136,Mohammad Sami,Mohammad Sami,FAST,0,3.55,55.01,6,3.96,68.98,33,1.88,66.69,,14.0,346.0,25.49,6.19,24.69,6.0,206.0,77.27,11.96,38.76,23.0,243.0,20.69,10.89,11.4,,1.0,0.0,0.0,0.0,1.19,0.0,0.0,0.0
137,Wahab Riaz,Wahab Riaz,FAST,3,3.56,55.04,63,4.69,73.61,267,9.02,130.91,,14.0,448.0,38.7,7.24,32.05,37.0,763.0,24.68,7.18,20.62,50.0,594.0,15.98,8.07,11.88,,1.29,1.36,2.0,0.0,1.38,1.2,0.0,0.0
138,Rahat Ali,Rahat Ali,FAST,0,3.55,55.01,1,3.96,68.98,2,1.88,66.69,,14.0,304.0,26.74,7.4,21.69,11.0,222.0,45.42,12.04,22.62,9.0,113.0,48.59,15.57,18.73,,0.27,0.0,0.0,0.0,0.25,0.0,0.0,0.0
139,Umaid Asif,Umaid Asif,FAST,0,3.55,55.01,52,4.69,76.84,88,3.68,98.01,,12.0,290.0,35.06,8.6,24.45,18.0,484.0,32.69,7.3,26.88,14.0,224.0,39.41,13.43,17.61,,1.65,1.3,0.0,0.0,1.92,0.0,0.0,0.0
140,Mustafizur Rahman,Mustafizur Rahman,FAST,0,3.55,55.01,0,3.95,68.96,13,1.88,66.69,,10.0,384.0,43.02,6.71,38.46,15.0,368.0,29.82,7.3,24.51,25.0,440.0,26.11,8.9,17.61,,0.42,0.0,0.0,0.0,0.46,0.0,0.0,0.0
141,Haris Rauf,Haris Rauf,FAST,0,3.55,55.01,1,3.96,68.98,57,2.37,75.54,,6.0,209.0,81.99,12.49,39.37,14.0,421.0,40.85,8.16,30.03,27.0,328.0,20.37,10.06,12.15,,1.32,0.0,0.0,0.0,1.39,0.0,0.0,0.0
142,Mohammad Irfan,Mohammad Irfan,FAST,0,3.55,55.01,0,3.95,68.96,12,1.88,66.69,,30.0,764.0,29.55,6.97,25.45,13.0,392.0,33.1,6.59,30.12,2.0,30.0,168.64,17.91,56.5,,0.44,0.0,0.0,0.0,0.5,0.0,0.0,0.0
143,AD Mathews,Angelo Mathews,MEDIUM,10,3.56,55.04,392,35.31,112.63,322,14.0,143.35,,6.0,129.0,76.89,14.9,30.96,13.0,553.0,55.31,7.8,42.55,8.0,125.0,55.48,15.44,21.55,,1.06,1.58,1.33,1.4,1.71,0.83,0.0,0.0
144,D Wiese,David Wiese,MEDIUM,0,3.55,55.01,175,11.29,99.05,436,34.8,192.47,,7.0,111.0,63.1,14.84,25.51,24.0,663.0,40.63,8.83,27.62,13.0,113.0,35.87,15.86,13.57,,1.51,1.92,2.09,0.0,2.16,0.0,0.0,0.0
145,DR Smith,Dwayne Smith,MEDIUM,1504,51.61,117.67,1394,24.68,143.14,188,6.54,119.93,,5.0,67.0,89.17,16.58,32.26,17.0,482.0,40.18,8.51,28.33,4.0,44.0,98.49,17.67,33.44,,1.08,1.35,1.51,1.63,1.51,0.0,0.0,0.0
146,JD Ryder,Jesse Ryder,MEDIUM,440,25.08,135.16,136,7.97,95.07,28,1.88,66.69,,0.0,6.0,373.44,17.25,129.87,7.0,215.0,67.65,11.81,34.36,1.0,20.0,168.64,17.91,56.5,,1.29,1.45,1.11,1.08,0.0,0.0,0.0,0.0
147,KA Pollard,Kieron Pollard,MEDIUM,55,4.2,58.59,2004,37.47,129.65,2028,26.81,183.37,,1.0,39.0,292.86,17.04,103.09,56.0,1534.0,37.73,8.26,27.4,22.0,282.0,25.84,11.85,13.09,,1.27,1.85,1.78,2.18,1.76,2.42,0.0,0.0
148,R Bhatia,Rajat Bhatia,MEDIUM,0,3.55,55.01,113,6.14,74.75,229,6.84,130.82,,0.0,12.0,373.44,17.25,129.87,53.0,1486.0,33.51,7.18,28.01,18.0,163.0,27.78,14.3,11.66,,1.19,1.19,1.83,0.0,1.54,0.0,0.0,0.0
149,RS Bopara,Ravi Bopara,MEDIUM,195,12.84,82.29,683,46.32,105.61,363,14.91,154.94,,0.0,6.0,373.44,17.25,129.87,19.0,378.0,26.87,8.11,19.88,5.0,83.0,76.43,16.74,27.4,,0.92,1.22,1.27,1.41,1.29,1.0,0.0,0.0
150,S Dube,Shivam Dube,MEDIUM,30,3.56,55.04,496,27.68,131.21,162,6.49,122.45,,0.0,0.0,373.44,17.25,129.87,2.0,74.0,174.07,16.61,62.89,2.0,37.0,141.15,17.79,47.62,,1.07,1.52,1.77,2.0,1.71,0.0,0.0,0.0
151,NLTC Perera,Thisara Perera,MEDIUM,20,3.56,55.04,243,13.74,109.38,250,9.02,136.23,,7.0,200.0,67.35,12.2,33.11,14.0,435.0,41.0,7.92,31.06,21.0,240.0,27.93,13.52,12.39,,1.29,1.66,1.17,0.0,1.28,0.67,0.0,0.0
152,V Shankar,Vijay Shankar,MEDIUM,45,3.7,55.45,418,30.74,115.29,268,11.86,142.02,,0.0,11.0,373.44,17.25,129.87,8.0,209.0,63.37,12.81,29.67,1.0,38.0,158.03,17.64,53.76,,1.03,1.4,1.6,1.24,1.42,2.67,0.0,0.0
153,Hussain Talat,Hussain Talat,MEDIUM,89,5.91,65.61,571,29.39,123.73,136,4.67,99.23,,0.0,0.0,373.44,17.25,129.87,8.0,210.0,63.71,12.81,29.85,3.0,60.0,104.94,17.25,36.5,,1.1,1.29,1.27,1.45,1.12,0.0,0.0,0.0
154,DJ Hussey,David Hussey,PARTSPIN,134,9.98,86.61,911,30.16,114.01,277,12.82,152.85,,0.0,37.0,406.78,17.08,142.86,6.0,248.0,77.93,10.71,43.67,2.0,38.0,139.75,17.86,46.95,,0.97,1.35,1.59,1.47,1.57,0.0,0.0,0.0
155,KM Jadhav,Kedar Jadhav,PARTSPIN,67,4.39,60.98,667,26.67,118.43,462,26.23,141.89,,,,373.44,17.25,129.87,,,342.41,17.87,114.94,,,168.64,17.91,56.5,,1.1,1.47,1.59,0.92,0.95,1.67,0.0,0.0
156,RG Sharma,Rohit Sharma,PARTSPIN,1634,31.02,117.27,3102,35.1,121.44,1145,24.94,197.74,,2.0,53.0,183.49,16.62,66.23,11.0,265.0,40.68,9.69,25.19,2.0,31.0,162.0,17.88,54.35,,1.03,1.41,1.47,1.67,1.9,3.0,0.0,0.0
157,SK Raina,Suresh Raina,PARTSPIN,1560,35.78,133.1,3312,35.57,133.39,664,32.96,171.04,,2.0,66.0,175.81,16.24,64.94,17.0,762.0,53.89,7.21,44.84,6.0,102.0,67.55,16.01,25.32,,1.19,1.44,1.48,1.58,1.22,0.0,0.0,0.0
158,AK Markram,Aiden Markram,PARTSPIN,25,3.56,55.04,395,39.32,130.92,107,5.02,113.4,,0.0,19.0,373.44,17.25,129.87,1.0,42.0,268.69,17.57,91.74,0.0,0.0,168.64,17.91,56.5,,1.08,1.27,1.71,2.29,1.17,0.0,0.0,0.0
159,CH Gayle,Chris Gayle,PARTSPIN,2597,36.64,135.22,2355,45.54,158.48,415,37.13,204.23,,3.0,128.0,138.55,14.63,56.82,7.0,345.0,59.05,7.19,49.26,8.0,117.0,54.73,15.66,20.96,,1.14,1.6,1.56,1.67,0.0,0.0,0.0,0.0
160,TM Dilshan,Tilakaratne Dilshan,PARTSPIN,488,28.12,111.09,503,29.05,105.15,162,8.0,132.09,,0.0,44.0,440.08,16.9,156.25,5.0,218.0,95.06,11.92,47.85,0.0,13.0,168.64,17.91,56.5,,1.07,1.11,1.12,1.32,2.67,0.0,0.0,0.0
161,A Mishra,Amit Mishra,SPIN,1,3.56,55.04,137,6.78,71.65,224,6.46,99.37,,6.0,143.0,75.92,14.12,32.26,135.0,2892.0,25.19,7.06,21.41,25.0,282.0,20.32,10.58,11.52,,0.94,0.96,0.83,0.0,1.17,0.88,0.0,0.0
162,A Symonds,Andrew Symonds,SPIN,72,5.34,63.11,663,45.71,126.62,239,11.71,140.19,,4.0,118.0,102.92,14.39,42.92,11.0,367.0,42.57,7.66,33.33,5.0,55.0,78.56,17.44,27.03,,1.02,1.44,1.54,1.38,0.85,0.0,0.0,0.0
163,A Kumble,Anil kumble,SPIN,0,3.55,55.01,6,3.96,68.98,29,1.88,66.69,,3.0,109.0,128.5,14.49,53.19,28.0,762.0,29.54,6.5,27.25,14.0,112.0,32.88,15.6,12.64,,0.74,0.0,0.0,0.0,0.76,0.0,0.0,0.0
164,AR Patel,Axar Patel,SPIN,11,3.56,55.04,571,27.26,112.86,553,17.36,153.64,,13.0,436.0,40.79,7.29,33.56,72.0,1962.0,32.22,7.1,27.25,16.0,201.0,31.44,12.98,14.53,,1.17,1.73,1.03,1.5,1.52,3.75,0.0,0.0
165,CL White,Cameron White,SPIN,107,6.21,70.55,581,32.56,117.2,283,16.44,169.13,,0.0,0.0,373.44,17.25,129.87,1.0,46.0,264.11,17.59,90.09,0.0,0.0,168.64,17.91,56.5,,0.99,1.33,1.58,1.8,1.88,1.2,0.0,0.0
166,DL Vettori,Daniel Vettori,SPIN,0,3.55,55.01,60,4.66,73.28,61,2.53,75.21,,2.0,91.0,176.0,15.42,68.49,22.0,600.0,29.46,6.49,27.25,4.0,94.0,90.14,16.28,33.22,,1.05,0.96,1.62,0.0,1.12,0.0,0.0,0.0
167,DJ Hooda,Deepak Hooda,SPIN,89,6.73,70.59,846,27.16,130.9,302,10.14,138.25,,2.0,74.0,175.41,16.1,65.36,7.0,272.0,67.24,10.09,40.0,1.0,13.0,168.64,17.91,56.5,,1.18,1.48,1.63,1.73,1.81,1.0,0.0,0.0
168,GJ Maxwell,Glenn Maxwell,SPIN,350,21.15,130.06,1599,30.39,154.4,371,20.01,172.85,,6.0,185.0,82.72,13.5,36.76,20.0,600.0,40.25,8.04,30.03,2.0,18.0,168.64,17.91,56.5,,1.33,1.75,1.89,1.74,1.62,1.0,0.0,0.0
169,J Botha,Johan Botha,SPIN,45,3.83,56.56,229,13.99,99.04,135,4.43,100.42,,4.0,196.0,116.05,12.6,55.25,15.0,441.0,30.3,6.18,29.41,6.0,72.0,65.51,16.74,23.47,,1.04,1.2,1.27,1.05,1.42,1.0,0.0,0.0
170,KV Sharma,Karn Sharma,SPIN,7,3.56,55.04,116,7.17,80.47,194,6.34,110.98,,6.0,160.0,76.74,13.54,34.01,49.0,1017.0,26.7,7.72,20.75,5.0,62.0,77.44,17.42,26.67,,1.1,1.33,1.45,1.33,1.36,1.71,0.0,0.0
171,KH Pandya,Krunal Pandya,SPIN,43,3.82,58.12,839,27.87,125.41,444,19.54,163.32,,13.0,373.0,35.3,7.39,28.65,37.0,1281.0,41.59,7.21,34.6,11.0,71.0,40.16,16.63,14.49,,1.27,1.51,1.47,1.94,1.54,3.0,0.0,0.0
172,LA Dawson,Liam Dawson,SPIN,58,5.24,76.48,317,19.32,108.02,95,3.59,94.25,,7.0,112.0,63.79,14.96,25.58,13.0,357.0,34.61,7.56,27.47,0.0,18.0,168.64,17.91,56.5,,1.29,1.12,1.31,1.69,1.55,0.0,0.0,0.0
173,LS Livingstone,Liam Livingstone,SPIN,267,17.03,127.55,632,31.55,147.95,118,4.81,111.62,,2.0,30.0,373.44,17.25,129.87,6.0,198.0,84.53,13.39,37.88,0.0,7.0,168.64,17.91,56.5,,1.33,1.63,1.67,1.68,2.0,0.0,0.0,0.0
174,M Markande,Mayank Markande,SPIN,0,3.55,55.01,3,3.96,68.98,24,1.88,66.69,,0.0,0.0,373.44,17.25,129.87,17.0,359.0,30.29,8.61,21.1,0.0,6.0,168.64,17.91,56.5,,0.93,0.0,0.0,0.0,1.35,0.0,0.0,0.0
175,MM Ali,Moeen Ali,SPIN,261,16.46,109.12,651,26.96,147.19,136,5.17,115.24,,4.0,66.0,104.76,16.22,38.76,25.0,550.0,25.97,7.09,21.98,0.0,14.0,168.64,17.91,56.5,,1.19,1.6,1.98,1.55,1.65,0.0,0.0,0.0
176,Mohammad Nawaz (3),Mohammad Nawaz,SPIN,34,3.56,55.04,386,22.87,109.56,199,6.54,110.52,,24.0,407.0,20.17,7.14,16.95,32.0,828.0,30.31,7.02,25.91,5.0,84.0,76.38,16.68,27.47,,1.17,1.14,1.24,0.14,1.44,3.0,0.0,0.0
177,M Kartik,Murali Kartik,SPIN,0,3.55,55.01,43,4.11,70.05,70,2.62,74.15,,7.0,184.0,66.28,12.57,31.65,20.0,910.0,53.77,7.1,45.45,4.0,88.0,88.47,16.3,32.57,,1.08,0.88,0.0,0.0,1.07,0.0,0.0,0.0
178,M Ashwin,Murugan Ashwin,SPIN,0,3.55,55.01,7,3.96,68.98,28,1.88,66.69,,2.0,94.0,182.95,15.81,69.44,27.0,709.0,33.58,7.68,26.25,6.0,70.0,65.22,16.71,23.42,,0.72,0.5,0.0,0.0,0.92,0.0,0.0,0.0
179,P Negi,Pawan Negi,SPIN,4,3.56,55.04,135,7.95,88.26,226,8.05,121.9,,2.0,42.0,209.37,16.96,74.07,26.0,646.0,31.71,7.65,24.88,7.0,45.0,69.61,17.54,23.81,,1.21,1.51,1.0,0.0,1.29,2.12,0.0,0.0
180,PP Chawla,Piyush Chawla,SPIN,15,3.56,55.04,185,8.84,81.92,384,10.91,125.16,,18.0,365.0,25.11,7.43,20.28,113.0,2689.0,30.45,7.67,23.81,26.0,255.0,20.62,11.88,10.42,,1.16,0.81,1.0,0.0,1.36,1.2,0.0,0.0
181,PP Ojha,Pragyan Ojha,SPIN,0,3.55,55.01,0,3.95,68.96,16,1.88,66.69,,6.0,243.0,78.3,10.85,43.29,67.0,1524.0,26.36,6.96,22.73,16.0,178.0,31.91,14.07,13.61,,0.37,0.0,0.0,0.0,0.42,0.0,0.0,0.0
182,PV Tambe,Pravin Tambe,SPIN,0,3.55,55.01,6,3.96,68.98,12,1.88,66.69,,3.0,80.0,131.05,16.04,49.02,24.0,558.0,28.17,7.27,23.26,1.0,36.0,160.4,17.8,54.05,,0.57,0.11,0.0,0.0,0.55,0.0,0.0,0.0
183,RD Chahar,Rahul Chahar,SPIN,0,3.55,55.01,6,3.96,68.98,102,3.25,84.76,,3.0,67.0,131.38,16.24,48.54,49.0,1079.0,27.55,7.5,22.03,5.0,61.0,75.11,16.9,26.67,,0.94,1.94,0.5,0.0,1.02,0.0,0.0,0.0
184,R Sharma,Rahul Sharma,SPIN,0,3.55,55.01,12,3.96,68.98,54,2.07,68.24,,2.0,90.0,176.6,15.47,68.49,36.0,767.0,24.42,6.87,21.32,2.0,78.0,132.27,16.67,47.62,,0.89,0.5,0.0,0.0,0.77,0.5,0.0,0.0
185,R Tewatia,Rahul Tewatia,SPIN,6,3.56,55.04,306,17.58,94.22,426,28.61,173.92,,0.0,12.0,373.44,17.25,129.87,29.0,820.0,37.45,7.95,28.25,4.0,20.0,168.64,17.91,56.5,,1.06,1.67,1.78,1.29,1.41,1.7,0.0,0.0
186,R Ashwin,Ravichandran Ashwin,SPIN,58,4.43,62.55,208,11.34,91.27,381,11.51,131.3,,46.0,1087.0,25.96,6.59,23.64,95.0,2645.0,32.15,6.92,27.86,16.0,292.0,26.93,8.79,18.38,,1.09,1.45,1.44,1.25,1.3,0.0,0.0,0.0
187,RA Jadeja,Ravindra Jadeja,SPIN,52,4.31,61.12,1295,34.68,109.59,1155,23.83,158.71,,6.0,135.0,76.99,14.64,31.55,102.0,2789.0,33.69,7.4,27.32,24.0,338.0,20.43,8.7,14.08,,1.22,1.37,1.42,1.12,1.7,2.81,0.0,0.0
188,SR Patel,Samit Patel,SPIN,9,3.56,55.04,296,20.38,106.4,150,5.86,112.52,,20.0,342.0,19.39,6.8,17.09,8.0,255.0,61.53,11.0,33.56,2.0,20.0,168.64,17.91,56.5,,1.02,1.44,1.41,2.4,1.15,4.0,0.0,0.0
189,ST Jayasuriya,Sanath Jayasuriya,SPIN,514,29.76,140.16,254,17.59,135.28,0,1.88,66.7,,0.0,6.0,373.44,17.25,129.87,11.0,253.0,40.85,10.02,24.45,2.0,42.0,132.98,17.63,45.25,,1.23,1.51,1.74,1.63,0.0,0.0,0.0,0.0
190,S Nadeem,Shabhaz Nadeem,SPIN,0,3.55,55.01,16,3.96,68.98,23,1.88,66.69,,8.0,310.0,52.79,8.17,38.76,38.0,1077.0,33.7,7.14,28.33,2.0,57.0,128.41,17.41,44.25,,0.45,0.0,0.0,0.0,0.5,0.0,0.0,0.0
191,SK Warne,Shane Warne,SPIN,0,3.55,55.01,82,5.16,72.8,116,3.52,81.1,,1.0,37.0,299.81,17.09,105.26,47.0,1051.0,25.28,6.78,22.37,9.0,135.0,52.09,15.53,20.12,,0.98,0.67,0.89,1.0,1.31,1.0,0.0,0.0
192,S Gopal,Shreyas Gopal,SPIN,0,3.55,55.01,61,4.52,70.74,119,4.38,95.56,,8.0,114.0,57.22,15.07,22.78,40.0,824.0,28.01,8.15,20.62,1.0,20.0,168.64,17.91,56.5,,1.1,0.97,0.67,0.0,1.46,0.0,0.0,0.0
193,SP Narine,Sunil Narine,SPIN,720,20.27,172.48,357,15.21,157.09,162,4.82,104.29,,29.0,999.0,36.26,6.31,34.48,86.0,2180.0,26.12,6.18,25.38,58.0,748.0,17.18,7.99,12.9,,1.56,1.8,2.07,2.25,1.22,0.0,0.0,0.0
194,CV Varun,Vaurn Chakravarthy,SPIN,0,3.55,55.01,1,3.96,68.98,23,1.88,66.69,,6.0,193.0,77.63,12.39,37.59,33.0,714.0,25.05,6.94,21.65,3.0,85.0,107.22,16.53,38.91,,0.52,1.33,0.0,0.0,0.67,0.0,0.0,0.0
195,PWH de Silva,Wanindu Hasaranga,SPIN,0,3.55,55.01,25,3.96,68.98,14,1.88,66.69,,0.0,30.0,373.44,17.25,129.87,20.0,310.0,19.16,7.42,15.5,6.0,42.0,81.16,17.53,27.78,,0.82,1.0,0.0,0.0,0.83,0.0,0.0,0.0
196,YK Pathan,Yusuf Pathan,SPIN,361,27.73,143.34,2003,33.61,135.12,858,28.95,167.03,,14.0,368.0,29.22,6.66,26.32,25.0,786.0,39.37,7.51,31.45,3.0,30.0,168.64,17.91,56.5,,1.24,1.63,1.69,1.79,1.47,1.5,0.0,0.0
197,YS Chahal,Yuzvendra Chahal,SPIN,0,3.55,55.01,5,3.96,68.98,32,1.88,66.69,,16.0,391.0,32.48,7.97,24.45,130.0,2307.0,21.4,7.24,17.73,20.0,242.0,27.2,12.48,13.07,,0.4,0.58,1.0,0.0,0.49,0.0,0.0,0.0
198,Harbhajan Singh,Harbhajan Singh,SPIN,62,4.95,67.26,190,9.32,92.01,581,17.1,157.8,,30.0,788.0,30.81,7.04,26.25,101.0,2524.0,28.85,6.92,25.0,19.0,184.0,26.68,13.62,11.75,,1.31,1.52,1.76,0.0,1.43,1.59,0.0,0.0
199,Shakib Al Hasan,Shakib Al Hasan,SPIN,69,5.65,71.64,614,23.36,112.6,291,10.64,131.41,,21.0,515.0,29.82,7.3,24.51,40.0,1048.0,30.74,7.05,26.18,10.0,142.0,47.88,15.31,18.76,,1.11,1.29,1.33,1.76,1.16,3.5,0.0,0.0
200,Iqbal Abdulla,Iqbal Abdulla,SPIN,0,3.55,55.01,29,3.96,68.98,59,2.47,73.58,,14.0,280.0,25.88,7.56,20.53,23.0,595.0,31.96,7.42,25.84,3.0,68.0,104.25,16.95,36.9,,0.86,1.25,2.8,0.0,0.88,0.0,0.0,0.0
201,Imad Wasim,Imad Wasim,SPIN,29,3.56,55.04,342,36.87,112.09,311,9.75,134.32,,14.0,493.0,42.25,7.2,35.21,28.0,767.0,30.45,6.67,27.4,0.0,10.0,168.64,17.91,56.5,,1.27,1.35,1.21,1.17,1.38,0.0,0.0,0.0
202,Washington Sundar,Washington Sundar,SPIN,17,3.56,55.04,131,7.51,83.48,170,5.85,121.51,,12.0,349.0,34.99,7.22,29.07,20.0,555.0,31.76,6.86,27.78,1.0,24.0,168.64,17.91,56.5,,1.12,1.44,1.86,0.0,1.29,0.0,0.0,0.0
203,Mohammad Hafeez,Mohammad Hafeez,SPIN,390,17.9,95.06,964,32.68,120.59,247,12.01,149.35,,10.0,138.0,46.4,14.09,19.76,10.0,322.0,35.19,6.57,32.15,0.0,2.0,168.64,17.91,56.5,,0.99,1.2,1.42,1.57,1.4,0.0,0.0,0.0
204,Rashid Khan,Rashid Khan,SPIN,0,3.55,55.01,34,3.96,68.98,409,15.22,172.59,,10.0,246.0,45.91,10.44,26.39,112.0,2186.0,19.58,6.02,19.53,14.0,219.0,33.32,11.52,17.36,,1.47,2.29,0.0,0.0,1.66,2.0,0.0,0.0
205,Mohammad Nabi,Mohammad Nabi,SPIN,6,3.56,55.04,341,25.37,133.45,189,6.79,126.51,,8.0,217.0,54.55,10.74,30.49,12.0,524.0,55.34,7.6,43.67,3.0,27.0,168.64,17.91,56.5,,1.27,2.01,1.73,1.6,1.75,2.5,0.0,0.0
206,Imran Tahir,Imran Tahir,SPIN,0,3.55,55.01,6,3.96,68.98,75,2.59,75.74,,6.0,110.0,75.75,15.5,29.33,99.0,1805.0,21.98,7.23,18.25,30.0,255.0,15.58,10.33,9.05,,0.9,0.0,0.0,0.0,0.98,0.0,0.0,0.0
207,Mujeeb Ur Rahman,Mujeeb Ur Rahman,SPIN,0,3.55,55.01,1,3.96,68.98,11,1.88,66.69,,6.0,167.0,77.61,13.36,34.84,10.0,332.0,43.8,7.91,33.22,5.0,52.0,79.96,17.51,27.4,,0.8,0.0,0.0,0.0,0.92,0.0,0.0,0.0
208,Bipul Sharma,Bipul Sharma,SPIN,0,3.55,55.01,35,3.96,68.98,152,6.61,114.11,,5.0,75.0,84.64,15.84,32.05,12.0,344.0,37.63,7.88,28.65,0.0,17.0,168.64,17.91,56.5,,1.38,2.32,0.0,0.0,1.29,2.75,0.0,0.0
209,Shahid Afridi,Shahid Afridi,SPIN,50,4.42,66.9,265,15.69,131.63,224,6.71,131.25,,4.0,73.0,103.75,16.12,38.61,47.0,1101.0,27.5,7.05,23.42,4.0,41.0,103.03,17.62,35.09,,1.42,1.93,2.64,0.0,1.27,0.0,0.0,0.0
210,Shoaib Malik,Shoaib Malik,SPIN,228,15.78,91.7,1333,45.77,128.62,373,17.2,156.34,,4.0,134.0,107.57,14.26,45.25,9.0,371.0,50.68,7.39,41.15,0.0,24.0,168.64,17.91,56.5,,1.03,1.47,1.48,1.67,1.06,1.0,0.0,0.0
211,GB Hogg,Brad Hogg,SPIN,0,3.55,55.01,0,3.95,68.96,22,1.88,66.69,,4.0,49.0,118.58,16.65,42.74,13.0,336.0,31.1,7.22,25.84,6.0,81.0,65.39,16.48,23.81,,1.05,0.0,0.0,0.0,1.05,0.0,0.0,0.0
212,M Muralitharan,M Muralitharan,SPIN,0,3.55,55.01,0,3.95,68.96,20,1.88,66.69,,3.0,154.0,139.19,13.45,62.11,47.0,1265.0,28.94,6.46,26.88,14.0,162.0,34.93,14.25,14.71,,0.67,0.0,0.0,0.0,0.67,0.0,0.0,0.0
213,JP Duminy,Jean Paul Duminy,SPIN,342,28.27,95.28,1208,51.67,106.95,730,33.88,179.55,,3.0,185.0,146.94,12.7,69.44,18.0,529.0,34.6,7.06,29.41,3.0,45.0,111.43,17.58,38.02,,1.05,1.15,1.35,1.39,1.54,1.0,0.0,0.0
214,RE van der Merwe,Roelof van der Merwe,SPIN,36,3.56,55.04,76,5.65,80.09,47,2.07,70.38,,3.0,38.0,189.55,17.06,66.67,12.0,355.0,30.78,6.24,29.59,6.0,62.0,66.45,16.98,23.47,,0.93,1.67,0.0,0.0,0.76,0.0,0.0,0.0
215,Yasir Shah,Yasir Shah,SPIN,0,3.55,55.01,10,3.96,68.98,35,1.88,66.69,,3.0,91.0,131.32,15.68,50.25,23.0,482.0,24.33,6.96,20.96,0.0,7.0,168.64,17.91,56.5,,0.64,1.89,0.0,0.0,0.6,0.0,0.0,0.0
216,Ravi Bishnoi,Ravi Bishnoi,SPIN,0,3.55,55.01,5,3.96,68.98,3,1.88,66.69,,2.0,87.0,177.22,15.74,67.57,31.0,747.0,29.66,7.39,24.1,4.0,44.0,97.61,17.51,33.44,,0.47,0.0,0.0,0.0,0.2,0.0,0.0,0.0
217,Shadab Khan,Shadab Khan,SPIN,144,9.67,93.97,514,23.55,138.25,142,4.79,108.12,,2.0,56.0,182.88,16.79,65.36,60.0,1235.0,24.14,7.04,20.58,3.0,29.0,168.64,17.91,56.5,,1.12,1.64,1.67,2.35,0.89,0.0,0.0,0.0
218,Khushdil Shah,Khushdil Shah,SPIN,2,3.56,55.04,217,13.2,91.22,334,22.16,192.32,,2.0,20.0,373.44,17.25,129.87,14.0,224.0,34.0,11.36,17.95,2.0,16.0,168.64,17.91,56.5,,1.14,1.85,2.12,4.0,2.15,0.0,0.0,0.0
219,Fawad Ahmed,Fawad Ahmed,SPIN,0,3.55,55.01,6,3.96,68.98,16,1.88,66.69,,1.0,56.0,260.46,16.41,95.24,20.0,466.0,29.19,7.51,23.31,2.0,15.0,168.64,17.91,56.5,,0.59,1.0,0.0,0.0,0.36,0.0,0.0,0.0
220,Yuvraj Singh,Yuvraj Singh,SPIN,193,9.73,88.11,1960,32.04,122.72,601,20.43,179.61,,0.0,0.0,373.44,17.25,129.87,30.0,815.0,33.25,7.34,27.17,6.0,67.0,65.74,16.88,23.36,,1.08,1.46,1.65,1.67,0.96,0.0,0.0,0.0
221,SB Jakati,SB Jakati,SPIN,0,3.55,55.01,0,3.95,68.96,28,1.88,66.69,,0.0,97.0,686.2,15.65,263.16,42.0,951.0,28.71,7.61,22.62,5.0,53.0,79.82,17.53,27.32,,0.97,0.0,0.0,0.0,0.97,0.0,0.0,0.0
222,Kuldeep Yadav,Kuldeep Yadav,SPIN,0,3.55,55.01,15,3.96,68.98,90,3.28,79.42,,0.0,58.0,497.23,16.41,181.82,49.0,1060.0,30.05,8.33,21.65,12.0,101.0,37.53,15.99,14.08,,0.79,0.93,0.0,0.0,1.05,2.0,0.0,0.0
223,Umer Khan,Umer Khan,SPIN,0,3.55,55.01,1,3.96,68.98,2,1.88,66.69,,0.0,18.0,373.44,17.25,129.87,19.0,296.0,20.62,7.91,15.65,0.0,0.0,168.64,17.91,56.5,,0.38,0.0,0.0,0.0,0.0,0.0,0.0,0.0
224,Usama Mir,Usama Mir,SPIN,0,3.55,55.01,0,3.95,68.96,27,1.88,66.69,,0.0,0.0,373.44,17.25,129.87,15.0,366.0,34.64,8.52,24.39,3.0,11.0,168.64,17.91,56.5,,1.0,0.0,0.0,0.0,1.0,0.0,0.0,0.0
225,Hassan Khan,Hassan Khan,SPIN,0,3.55,55.01,64,4.84,74.57,73,2.9,79.82,,1.0,55.0,264.81,16.68,95.24,14.0,408.0,34.61,7.12,29.15,1.0,8.0,168.64,17.91,56.5,,1.14,1.0,0.0,0.0,1.33,0.0,0.0,0.0
226,AB de Villiers,AB de Villiers,WK,761,33.94,121.5,3161,47.86,136.88,1477,42.62,230.16,,,,373.44,17.25,129.87,,,342.41,17.87,114.94,,,168.64,17.91,56.5,,1.21,1.54,1.75,2.02,2.39,0.0,0.0,0.0
227,AC Gilchrist,Adam Gilchrist,WK,1385,30.88,134.33,632,24.15,144.92,52,2.51,79.97,,0.0,0.0,373.44,17.25,129.87,0.0,0.0,342.41,17.87,114.94,1.0,1.0,168.64,17.91,56.5,,1.22,1.51,1.5,1.4,0.0,0.0,0.0,0.0
228,Azam Khan,Azam Khan,WK,35,3.56,55.04,470,32.63,136.08,127,4.74,107.57,,,,373.44,17.25,129.87,,,342.41,17.87,114.94,,,168.64,17.91,56.5,,1.12,1.47,1.76,2.39,2.29,0.0,0.0,0.0
229,BB McCullum,Brendon McCullum,WK,1746,26.89,127.45,1244,29.78,126.87,215,10.94,152.85,,0.0,0.0,373.44,17.25,129.87,0.0,7.0,342.41,17.87,114.94,0.0,0.0,168.64,17.91,56.5,,1.18,1.42,1.15,1.39,1.94,2.5,0.0,0.0
230,KD Karthik,Dinesh Karthik,WK,397,43.86,96.94,2698,28.98,122.3,1282,25.73,185.02,,,,373.44,17.25,129.87,,,342.41,17.87,114.94,,,168.64,17.91,56.5,,1.16,1.45,1.47,1.67,1.92,1.88,0.0,0.0
231,Ishan Kishan,Ishan Kishan,WK,679,58.15,123.27,1020,28.8,131.89,171,6.19,141.02,,,,373.44,17.25,129.87,,,342.41,17.87,114.94,,,168.64,17.91,56.5,,1.08,1.5,1.44,1.34,1.17,0.0,0.0,0.0
232,JM Bairstow,Jonny Bairstow,WK,696,51.54,147.92,573,31.18,135.32,37,1.88,66.69,,,,373.44,17.25,129.87,,,342.41,17.87,114.94,,,168.64,17.91,56.5,,1.34,1.43,1.51,1.34,2.0,0.0,0.0,0.0
233,JC Buttler,Jos Buttler,WK,1230,50.68,143.43,1274,40.98,145.89,328,20.07,187.89,,,,373.44,17.25,129.87,,,342.41,17.87,114.94,,,168.64,17.91,56.5,,1.34,1.54,1.35,1.59,2.0,0.0,0.0,0.0
234,Kamran Akmal,Kamran Akmal,WK,1166,30.78,126.5,858,28.2,158.46,46,2.07,70.3,,,,373.44,17.25,129.87,,,342.41,17.87,114.94,,,168.64,17.91,56.5,,1.15,1.46,1.6,1.69,0.0,0.0,0.0,0.0
235,KL Rahul,Kannur Lokesh Rahul,WK,1600,58.43,125.03,1743,48.34,134.38,552,36.14,195.53,,,,373.44,17.25,129.87,,,342.41,17.87,114.94,,,168.64,17.91,56.5,,1.14,1.4,1.27,1.4,1.47,0.0,0.0,0.0
236,KC Sangakkara,Kumar Sangakkara,WK,760,35.68,117.4,1391,26.22,122.47,149,5.21,113.45,,,,373.44,17.25,129.87,,,342.41,17.87,114.94,,,168.64,17.91,56.5,,1.04,1.28,1.31,1.62,3.33,0.0,0.0,0.0
237,L Ronchi,Luke Ronchi,WK,664,32.73,161.04,365,35.73,160.41,25,1.88,66.69,,,,373.44,17.25,129.87,,,342.41,17.87,114.94,,,168.64,17.91,56.5,,1.48,1.92,1.69,1.46,0.0,0.0,0.0,0.0
238,MS Dhoni,Mahendra Singh Dhoni,WK,59,4.47,59.42,2389,49.69,105.84,2530,36.5,187.61,,,,373.44,17.25,129.87,,,342.41,17.87,114.94,,,168.64,17.91,56.5,,1.12,1.43,1.63,2.16,1.61,1.71,0.0,0.0
239,Mohammad Rizwan,Mohammad Rizwan,WK,497,73.47,127.84,665,45.36,112.05,284,12.56,139.0,,,,373.44,17.25,129.87,,,342.41,17.87,114.94,,,168.64,17.91,56.5,,1.06,1.43,1.25,1.19,1.8,0.0,0.0,0.0
240,N Pooran,Nicholas Pooran,WK,34,3.56,55.04,642,37.27,152.05,237,8.96,134.73,,,,373.44,17.25,129.87,,,342.41,17.87,114.94,,,168.64,17.91,56.5,,1.29,1.91,1.45,1.86,1.79,0.0,0.0,0.0
241,PA Patel,Parthiv Patel,WK,1904,27.89,121.62,881,20.55,117.96,63,2.54,78.87,,,,373.44,17.25,129.87,,,342.41,17.87,114.94,,,168.64,17.91,56.5,,1.13,1.31,1.15,1.28,1.18,0.0,0.0,0.0
242,Q de Kock,Quinton de Kock,WK,1634,37.95,130.16,1019,28.74,133.66,114,5.6,126.57,,,,373.44,17.25,129.87,,,342.41,17.87,114.94,,,168.64,17.91,56.5,,1.13,1.57,1.28,1.46,0.0,0.0,0.0,0.0
243,R Dravid,Rahul Dravid,WK,905,54.22,107.89,1109,22.47,115.48,160,6.62,128.86,,,,373.44,17.25,129.87,,,342.41,17.87,114.94,,,168.64,17.91,56.5,,1.0,1.19,1.28,1.34,1.54,0.0,0.0,0.0
244,RR Pant,Rishabh Rajendra Pant,WK,364,43.17,122.59,1953,41.89,142.02,534,22.61,203.27,,,,373.44,17.25,129.87,,,342.41,17.87,114.94,,,168.64,17.91,56.5,,1.23,1.64,1.54,1.94,1.48,0.0,0.0,0.0
245,RV Uthappa,Robin Uthappa,WK,2037,34.97,123.8,2502,27.39,130.08,415,20.94,175.91,,,,373.44,17.25,129.87,,,342.41,17.87,114.94,,,168.64,17.91,56.5,,1.12,1.44,1.41,1.44,1.25,0.0,0.0,0.0
246,SV Samson,Sanju Samson,WK,999,31.07,117.76,2089,34.95,137.36,438,20.35,194.13,,,,373.44,17.25,129.87,,,342.41,17.87,114.94,,,168.64,17.91,56.5,,1.2,1.47,1.28,1.49,1.5,0.0,0.0,0.0
247,Sarfraz Ahmed,Sarfraz Ahmed,WK,132,8.4,78.67,904,38.57,123.43,305,14.57,143.27,,0.0,0.0,373.44,17.25,129.87,0.0,0.0,342.41,17.87,114.94,0.0,4.0,168.64,17.91,56.5,,1.12,1.24,1.53,1.85,0.69,0.0,0.0,0.0
248,Umar Akmal,Umar Akmal,WK,117,7.71,80.69,599,38.5,132.07,225,11.87,169.99,,,,373.44,17.25,129.87,,,342.41,17.87,114.94,,,168.64,17.91,56.5,,1.22,1.54,1.29,1.92,0.0,0.0,0.0,0.0
249,WP Saha,Wrridhiman Saha,WK,972,28.67,133.91,1014,28.87,114.05,441,20.72,157.3,,,,373.44,17.25,129.87,,,342.41,17.87,114.94,,,168.64,17.91,56.5,,1.17,1.27,1.5,1.55,1.42,0.5,0.0,0.0
